,0,1,2,3,4,5,6,7,8,9,10,11,12,13,14,15
0,-0.028541700000000003,-0.0287433,-0.00638052,-0.00596828,-0.00123673,-0.00110741,0.076563,0.0787592,-0.468707,-0.48303599999999997,0.13150799999999999,0.150646,-0.1065239627,-0.556707,0.3511470676,0.164847
1,-0.0287433,0.000146801,-0.00596828,0.00022793,-0.00110741,-0.00027742,0.0787592,-0.007123100000000001,-0.48303599999999997,0.00674799,0.150646,0.017381,-0.5567068953000001,-0.9986219999999999,0.16484744869999998,-0.349463
2,-0.0283949,-0.000102499,-0.00615259,-0.00016118,-0.00151415,-0.00021669999999999998,0.06943989999999998,-0.0060899,-0.461959,-0.013763,0.14888900000000002,0.009068999999999999,-1.1051460229999999,-0.153613,0.0016839490789999998,-0.245331
3,-0.028845799999999998,-0.0014276,-0.00612946,-0.00012271,-0.00132411,0.0001766,0.07266929999999999,0.00945809,-0.496799,-0.018599,0.159715,-0.028451999999999998,-0.7103199612000001,0.356129,-0.08048337682,0.172546
4,-0.029822500000000002,-0.000558199,-0.0062753,-0.00020245,-0.00133755,-0.00021003,0.078898,-0.0010933,-0.480558,0.000245988,0.12043699999999999,-0.026157999999999997,-0.7490167324,-0.5054850000000001,0.174230219,0.823075
5,-0.029404000000000003,0.0025818,-0.00633191,0.00032664,-0.00153414,-0.00024258,0.071576,-0.0320766,-0.49655299999999997,0.079437,0.13355699999999998,0.305616,-1.2158052609999999,0.914992,0.7425911337000001,-1.4136799999999998
6,-0.0272407,0.0145385,-0.00594866,0.00283263,-0.00158013,-0.00093691,0.0468214,-0.0708803,-0.401121,0.335403,0.42605299999999996,0.353111,0.16597527539999998,2.04867,-1.239450554,-4.81154
7,-0.0148655,0.013278299999999998,-0.00349928,0.00369952,-0.00247105,6.11499e-05,0.000695735,-0.0161946,-0.16115,0.17791400000000002,0.48666800000000005,-0.294831,0.8328622547,1.1166,-4.068944358,3.32704
8,-0.0139624,0.0005286000000000001,-0.00224914,0.00056436,-0.00151898,0.00095207,0.030626799999999996,0.00267315,-0.22320700000000002,-0.037768,0.131222,-0.252895,1.282571795,0.31862199999999996,2.087592184,4.38857
9,-0.0143369,0.000229,-0.00293492,-0.00096993,-0.00151898,0.0,0.00336889,-0.0195262,-0.198918,-0.000763997,0.233773,0.14512,1.151484316,-0.0932504,0.3196216473,-1.5781399999999999
10,-0.0137334,-2.1399899999999998e-05,-0.00321907,-0.00041017,-0.00151898,0.0,0.0111006,-0.00181992,-0.223971,0.06675700000000001,0.27634200000000003,0.077554,1.189321354,-0.173407,0.5094542396,-0.0711626
11,-0.0143583,0.0002928,-0.00334509,-0.00031993,-0.00151898,-0.00014871,0.00154897,-0.0172132,-0.132161,0.015792,0.311327,0.055919,0.9780777545,-1.18313,0.2484591039,-0.158306
12,-0.0134406,0.0008728,-0.003539,0.00030514,-0.00166769,-0.00020566,-0.00611265,0.00429142,-0.208179,-0.00927399,0.33226100000000003,0.086475,0.006191638327,-1.3339,0.3511479189,0.158162
13,-0.0134855,0.00025639999999999994,-0.00303995,0.00121152,-0.00172464,-7.212e-05,0.00584039,0.0200585,-0.14143499999999998,4.0993100000000006e-05,0.397802,0.083048,-0.35582716049999996,-0.671004,0.4066215342,-0.23035500000000003
14,-0.013184200000000002,0.0009437999999999998,-0.00232748,0.00065498,-0.00173981,0.00020566,0.0139459,-0.016650099999999998,-0.20813800000000002,-0.059294000000000006,0.41530900000000004,-0.020863,-0.6648124597999999,0.33910100000000004,0.12079293039999998,-0.5779529999999999
15,-0.0125417,-0.0002588,-0.00238497,-6.80301e-05,-0.00151898,0.00043579,-0.0108097,-0.0110119,-0.200729,-0.016322,0.37693899999999997,0.020033000000000002,-0.01672634497,0.661827,-0.1713316859,-0.131972
16,-0.013443,-0.0004221,-0.00239551,2.00002e-07,-0.00130402,0.00010061,0.002934,0.02459,-0.22446,0.005568,0.435342,0.077073,-0.002985814386,-0.390146,-0.011179563190000002,0.359996
17,-0.012963800000000001,-0.0012887,-0.00238477,0.00029435,-0.00141837,3.339e-05,0.0137803,0.0106521,-0.195161,0.061277,0.45401199999999997,0.088486,-0.406872435,0.09480910000000001,0.18866457039999998,0.784327
18,-0.0147317,0.00032329900000000004,-0.00210116,2.95199e-05,-0.00127063,0.00014774,0.013586099999999999,-0.011445700000000001,-0.163183,0.016630000000000002,0.523828,0.011164,0.09182330992,0.591955,0.7731478913,0.891921
19,-0.0126405,0.0027219,-0.00235525,-0.0002747,-0.00127063,0.0,0.00233456,-0.0130895,-0.178531,-0.015097,0.46517600000000003,-0.055978999999999994,0.1850828686,0.612745,1.080585635,0.242919
20,-0.0120098,0.0012478,-0.00237586,2.8660100000000004e-05,-0.00127063,-0.00041048,0.000496575,-0.0108969,-0.17828,0.060212,0.46784899999999996,-0.037258,0.7045685569,1.1117299999999999,1.016067157,-0.24643099999999998
21,-0.0113927,0.00030370099999999997,-0.00232659,-7.55801e-05,-0.00168111,-0.00041048,-0.00856237,-0.012802700000000002,-0.11831900000000001,0.042407,0.427918,-0.040802,1.296810498,0.198349,0.8341544994,-0.300295
22,-0.0117061,-0.0006785000000000001,-0.00245144,-0.0002869,-0.00168111,-9.856e-05,-0.0123061,-0.0115691,-0.135873,-0.00550801,0.427047,0.00346801,0.9029176818000001,-0.0237546,0.7157721245,-0.278954
23,-0.0120712,-0.0011535,-0.00261349,-0.0005154,-0.00177967,0.00015772,-0.0201315,-0.0087766,-0.12382699999999999,0.034868,0.431386,0.00884598,1.273055866,-0.266546,0.5552009345000001,-0.152582
24,-0.0128596,-0.0012691,-0.00296684,-0.000165,-0.00152339,0.00042581,-0.0210827,-0.0020082,-0.101005,-0.047519,0.43589300000000003,0.046239999999999996,0.6363714865,-1.39754,0.5631897357,-0.163677
25,-0.0133403,0.0011556,-0.00277849,4.99501e-05,-0.00135386,0.00029684,-0.022139700000000002,0.0073931,-0.171346,-0.02755,0.477626,0.040851,-0.1244861939,0.0472095,0.3915241995,-0.367629
26,-0.011704,0.0010668,-0.00291689,-0.00015717,-0.00122655,-0.00014085,-0.013689600000000001,0.0080485,-0.128555,0.055808,0.47674399999999995,0.034852999999999995,0.6835810122,0.532155,0.1955602759,-0.305237
27,-0.0122735,-0.0007736,-0.00293566,-0.00014629,-0.00149471,0.0,-0.0140912,0.001689,-0.11553800000000002,0.017277,0.512479,0.061083000000000005,0.40766893460000003,-1.1267,0.08628714418,-0.216295
28,-0.012477600000000002,-0.0015485999999999998,-0.00306318,3.32e-05,-0.00122655,0.00026816,-0.0120006,-0.0007047,-0.111278,0.0159396,0.537827,-0.032951,-0.4431149357,-1.41354,-0.02073498114,-0.026812799999999998
29,-0.0138221,-0.00030589999999999995,-0.00290246,-4.5639899999999996e-05,-0.00122655,0.0,-0.0147959,-0.004729,-0.09959839999999999,-0.068788,0.47952799999999995,-0.060767999999999996,-1.005874774,-1.33388,0.05947432197000001,0.219387
30,-0.0127835,0.0010925999999999998,-0.00310882,-0.00061646,-0.00122655,0.00013024,-0.0167296,0.010921799999999999,-0.180066,-0.0280856,0.477059,0.053579999999999996,-1.776994021,0.0309265,0.1986522972,0.025458
31,-0.0127295,-0.00014719899999999998,-0.00351892,-0.00027485,-0.00109631,0.00034636800000000006,-0.00387413,0.00730452,-0.127684,0.05379400000000001,0.533108,0.05725499999999999,-0.9749482691,0.813994,0.08493227879000001,-0.21035900000000002
32,-0.012930700000000002,0.017212400000000003,-0.00338367,-0.00032499,-0.000880182,-0.00129417,-0.00942508,-0.0191366,-0.126272,0.371553,0.5343140000000001,0.255783,-0.9629996851,0.812801,-0.011707045020000001,-8.9981
33,0.00448286,0.059534699999999996,-0.00384391,0.00466585,-0.00239048,-0.00288237,-0.0230107,-0.0779963,0.243869,1.0603799999999999,0.788891,1.06015,-0.162147793,1.61775,-8.913169007999999,-3.98072
34,0.046604,-0.0240767,0.00128218,0.00352632,-0.00376255,0.00288496,-0.0874214,0.00952,0.93411,-0.546999,1.59446,0.035591000000000005,0.6547474698,-1.30376,-3.9924258910000003,3.71564
35,-0.019593799999999998,-0.0568102,-0.000317595,-0.00205106,0.000494482,0.00523617,-0.013490700000000001,0.07305729999999999,-0.30313,-0.912143,0.8244819999999999,-0.9091610000000001,-1.465908821,-2.19152,-5.197533015,3.74928
36,-0.0102062,0.0083973,-0.000768881,-0.000838815,0.00147362,0.000281279,-0.0143641,-0.000529299,0.0219671,0.19466,0.685299,-0.201784,-1.53676829,0.176965,-0.2431490032,5.78817
37,-0.0111965,-0.0020318,-0.00115641,-9.5368e-05,0.000775761,-0.00122899,-0.01402,0.0004263,-0.10847000000000001,-0.127745,0.622698,-0.237171,-1.2889440970000001,1.6619700000000002,0.59063333,1.4830299999999998
38,-0.012237999999999999,0.00148051,-0.000864249,0.000385545,0.000244625,-0.000527035,-0.013937799999999998,4.6500000000000005e-05,-0.105778,0.041439,0.44812799999999997,-0.215558,0.1252058252,2.7896900000000002,1.2398785190000001,0.608563
39,-0.00971599,0.00133,-0.000770865,-5.8899999999999995e-05,0.000248726,-6.3138e-05,-0.013973500000000002,0.0026905,-0.067031,0.0220807,0.40714,0.055328999999999996,1.500748718,0.590936,1.199196262,-0.441738
40,-0.010908,-0.00062751,-0.000923149,0.00011762,0.000181487,0.00018318900000000002,-0.0112473,-0.00014140000000000002,-0.0836973,0.013548300000000001,0.5034569999999999,0.15595,0.7161423206,-1.76558,0.7981406108,-0.810647
41,-0.0103435,0.0003386,-0.000653245,-0.00047467099999999997,0.000431915,-9.793379999999999e-05,-0.0141149,-0.0024678,-0.0534827,-0.0150043,0.56309,0.085796,-0.2648264668,-2.19806,0.38854939450000003,-0.5972569999999999
42,-0.0105694,0.000297301,-0.00139782,-0.000774875,8.355319999999999e-05,-0.000260328,-0.013715100000000001,0.00040760000000000004,-0.09870160000000001,-0.04353119999999999,0.589253,0.041168,-1.481918654,-0.223005,0.2008837319,-0.07362660000000001
43,-0.0100462,0.00048439999999999996,-0.00142812,0.00017241,0.000171587,-0.00010486200000000001,-0.013707299999999999,-0.0157251,-0.09701389999999999,0.0198896,0.604258,-0.015971,-0.4878314386,1.29378,0.31492279489999997,0.295583
44,-0.010085,0.000369349,-0.00122541,0.00022779,-2.13084e-05,-0.00019325900000000001,-0.0294402,-0.00012529999999999998,-0.07881200000000001,-0.0043981,0.573282,-0.00440198,-0.1881430673,-1.26704,0.4964666572,-0.242502
45,-0.00967685,1.99955e-06,-0.00120033,0.00023407599999999997,-2.16723e-05,-0.000130868,-0.013832599999999999,0.0009911,-0.101412,-0.022833000000000003,0.5998560000000001,0.037938,-1.754867002,-0.876136,0.0724204729,-0.759083
46,-0.010083,-0.00047435,-0.000991334,0.000247173,-0.00015217600000000001,-0.00048586,-0.028449099999999998,-0.012702600000000001,-0.101645,-0.000294998,0.61122,0.035769,-1.064279582,1.93609,-0.2626166713,-0.19403299999999998
47,-0.0101512,-0.002014,-0.0009531569999999999,-0.000359936,-0.000507532,0.00016873400000000003,-0.026535200000000002,0.0039722,-0.101707,-0.0013130000000000001,0.635625,0.10768699999999999,0.181225595,0.278091,-0.1216125299,0.491399
48,-0.012097,-0.0022593000000000005,-0.00135127,2.6336e-05,1.65581e-05,0.000193513,-0.0244769,0.0186481,-0.102958,-0.00119001,0.718907,-0.094087,-0.7861887676,-1.62215,0.2287819213,0.994122
49,-0.0124105,0.0011603,-0.0009268210000000001,0.00088217,-0.000314019,-0.000473131,-0.00788709,0.0074887,-0.102897,0.009570299999999999,0.541538,-0.155709,-1.4409263780000001,0.7121689999999999,0.8725099087,1.07987
50,-0.0109367,0.0011007,-0.00046909999999999996,0.0,-0.00045657300000000005,-0.000485552,-0.016988200000000002,-0.017126699999999998,-0.09338769999999999,0.000239,0.563198,0.017445,-0.07401985865,2.6037,1.308653502,-0.238677
51,-0.0113098,-0.00011200000000000001,-0.0009268210000000001,-0.00045772099999999996,-0.000799571,-0.0001939,-0.0250138,-0.0118936,-0.102658,0.0089505,0.558983,0.038945999999999995,1.1627786009999999,2.2480700000000002,0.6338332945,-1.2983799999999999
52,-0.011048700000000002,-0.0002011,-0.0009268210000000001,0.0,-0.000650473,-2.1388000000000003e-05,-0.0288818,-0.012918200000000001,-0.08443719999999999,0.024332,0.602144,0.09456289999999999,2.174047372,0.57875,0.010277986230000001,-1.12447
53,-0.0115109,-0.000225,-0.0009268210000000001,-0.000553979,-0.0008209589999999999,-0.000226182,-0.037932,-0.0143524,-0.07832599999999999,0.0031145,0.653546,0.046169,1.741529139,-1.49873,-0.4906363672,-0.480466
54,-0.011273700000000001,-0.0002607,-0.0014808,-0.000337609,-0.000876655,-5.5696000000000003e-05,-0.0432342,0.0032070999999999996,-0.0813227,0.0193598,0.648313,0.067076,0.6753126136,-2.12082,-0.4701879115,0.2045
55,-0.0117716,-0.0001382,-0.00126443,-0.00016026,-0.000876655,0.0,-0.0347249,0.0029739000000000002,-0.05896619999999999,-0.0028323,0.720622,0.020582,-0.37929055310000004,-1.28998,-0.28613649480000003,0.439442
56,-0.011411899999999999,0.0007144,-0.00164106,-0.00061127,-0.000876655,0.0,-0.0402603,-0.019890599999999998,-0.084155,0.0105199,0.668895,-0.042332,-0.6146628613,0.68926,-0.03074602748,0.743696
57,-0.0110572,0.00141903,-0.0018757000000000001,-0.00027269999999999996,-0.000876655,0.0,-0.0546155,-0.0125583,-0.048446300000000005,0.0387707,0.67829,-0.00279003,0.3099699466,1.9275099999999998,0.4575591697,0.5319649999999999
58,-0.00999287,0.000313899,-0.00191376,0.00037608,-0.000876655,-6.9956e-05,-0.0528186,0.0047778,-0.0453843,-0.0135655,0.6661050000000001,-0.040683,1.312849792,0.911942,0.5012191348,-0.556623
59,-0.010743299999999999,-0.00041873,-0.00149962,0.00039304,-0.0009466110000000001,0.0,-0.0498377,0.0049151,-0.062011800000000006,-0.0164253,0.6376069999999999,-0.0469,1.221911877,-0.661369,-0.0990641968,-0.921868
60,-0.0104116,0.00147324,-0.00152072,-0.00033359,-0.000876655,6.9956e-05,-0.0479035,-0.0028988000000000004,-0.0618096,0.0291418,0.619205,-0.01408,0.6514803386,-1.64393,-0.4206491724,-0.364115
61,-0.00927006,0.00145407,-0.00183321,-0.0005104,-0.000876655,0.0,-0.0527365,-0.0046708,-0.032869999999999996,-0.0322664,0.623527,-0.00181597,-0.4220167842,-1.2017,-0.4631796402,0.180781
62,-0.00895753,-0.00034164,-0.00203112,8.641e-05,-0.000876655,0.0,-0.052574300000000004,0.0016805999999999998,-0.09407599999999999,-0.0168928,0.6173890000000001,-0.00459498,-0.5502235964,0.509756,-0.23986803620000002,0.510844
63,-0.0096117,-0.00055463,-0.0017468,-5.05799e-05,-0.000876655,0.0,-0.0510559,-0.0018124000000000003,-0.0497628,0.053145500000000005,0.6189319999999999,-0.00330901,0.08773937048000001,1.0074299999999998,0.04766394843999999,0.193332
64,-0.00951216,0.000778209,-0.0020816999999999997,-6.844e-05,-0.000876655,0.0,-0.054386699999999996,-0.000220399,-0.0409305,0.021977200000000002,0.6140800000000001,0.00824499,0.4572098061,-0.590226,-0.04653556586,-0.348981
65,-0.00883349,-0.00029366,-0.00181524,6.28599e-05,-0.000876655,-0.000207755,-0.051276300000000004,0.0010956,-0.0277856,-0.00021250200000000002,0.6271770000000001,0.07513500000000001,-0.5024869315,-2.14066,-0.3013172678,-0.477599
66,-0.00980582,-0.00230911,-0.00201884,3.6200499999999998e-06,-0.00108441,-0.000307555,-0.053291099999999994,-0.0021275,-0.041143,0.008354299999999999,0.6892149999999999,0.07078999999999999,-1.683452572,-1.00417,-0.5241346206,-0.0495025
67,-0.0111426,0.00026804,-0.00181162,0.00024019999999999996,-0.00118421,-0.00020395,-0.0534038,-8.669870000000001e-05,-0.0194313,-0.0174592,0.697967,-0.030163,-1.5066617869999999,0.49396899999999994,-0.35081976060000003,0.651097
68,-0.00953778,0.000630801,-0.00177864,-2.9780100000000003e-05,-0.00128836,-0.00010203,-0.0533778,4.69759e-06,-0.05860219999999999,-0.003708,0.6590520000000001,0.01014,-1.189483975,1.18319,0.12696231759999999,0.727312
69,-0.0105118,-0.00086872,-0.0018414000000000002,5.06999e-05,-0.00128624,2.05997e-06,-0.0533991,-5.67995e-05,-0.0231393,-0.0005178,0.7081069999999999,0.012054,-0.32347425539999997,1.98423,0.3764917804,0.354643
70,-0.010406499999999999,0.00150445,-0.00172794,0.00016383,-0.0012863,0.00024589,-0.0534346,-0.000106499,-0.059120000000000006,0.008584999999999999,0.6711060000000001,-0.030636,0.7947498251999999,2.21716,0.48160534850000003,-0.229248
71,-0.00900735,-5.42002e-05,-0.00167757,-0.00053822,-0.00104035,-1.82299e-05,-0.05350560000000001,0.000298999,-0.014554300000000001,0.0173949,0.677471,0.024799,1.8936861669999998,0.977978,0.1472434571,-0.6123609999999999
72,-0.010460700000000002,-0.00140845,-0.00226616,-0.00025263,-0.00130453,-0.00024661,-0.0531356,0.000191599,-0.0417251,-0.0645867,0.695905,0.030736000000000003,1.772727566,-0.9316120000000001,-0.13075524,-0.417617
73,-0.0104158,0.00069374,-0.0019302,0.00077853,-0.00128696,0.000311655,-0.053314,-0.00047650199999999996,-0.079141,-0.043169,0.7082069999999999,-0.00337201,0.9620737319,-2.25877,-0.2703739702,0.205134
74,-0.00976696,0.00218584,-0.00148763,0.00011904,-0.000992875,-3.001e-05,-0.053612099999999996,-2.5898200000000002e-05,-0.0848941,0.0294054,0.692533,-0.059387999999999996,-0.486044243,-0.772954,0.07437853776,0.392967
75,-0.00822996,0.000292679,-0.00181116,-0.00044901,-0.00131697,-9.8175e-05,-0.0533399,0.00033030300000000005,-0.0497356,0.044937599999999994,0.6488189999999999,-0.033772,0.1891195032,1.68085,0.12259322439999999,0.11423
76,-0.00947428,-0.00333564,-0.00193664,-0.00081864,-0.00109105,0.00020147,-0.0532818,0.000443198,-0.0399565,-0.0105759,0.6587609999999999,0.050867,1.1948034920000001,-0.978195,0.1886080437,0.354851
77,-0.0115656,-0.00165472,-0.0026298000000000003,-0.00029755,-0.0011155,-2.445e-05,-0.0528967,0.000151899,-0.060311500000000004,-0.0461728,0.6996859999999999,-0.000497997,-0.7890755786,-3.0588599999999997,0.4774445325,0.390876
78,-0.011129,0.00167533,-0.00223419,-2.0920100000000003e-05,-0.0011155,-0.00025507,-0.0531299,-0.0091083,-0.0861293,0.019730599999999997,0.658263,-0.037188,-1.864059734,0.196721,0.5794837657999999,0.312708
79,-0.00989027,0.0008548999999999999,-0.00265072,-0.00082401,-0.00137057,0.0,-0.062005,-0.0154439,-0.0405809,0.0593871,0.6624979999999999,0.02215,-0.5923545109,2.49756,0.7901521451000001,0.0804217
80,-0.0102741,-0.000431729,-0.0030581999999999996,0.00013144,-0.0011155,0.00013699,-0.0685738,-0.007297499999999999,-0.026742200000000004,0.0040894,0.680413,0.026072,0.6334975417,2.31153,0.6599054899,-0.253634
81,-0.010322,-0.0001994,-0.00251928,0.00066314,-0.00123358,0.0,-0.0693025,0.0154297,-0.0364915,-0.0170482,0.68857,0.042237000000000004,1.7191797569999998,1.0192700000000001,0.5365181122,-0.5022439999999999
82,-0.0104735,-0.0002162,-0.00239506,0.00029403,-0.0011155,0.000468455,-0.0531441,0.0322119,-0.0437904,-0.0141311,0.72265,0.052545,1.652767291,-1.1160700000000001,0.1576616324,-0.5201319999999999
83,-0.010538200000000001,0.00073577,-0.00222525,7.965e-05,-0.000765125,0.0,-0.0370906,-2.89008e-05,-0.0506226,0.000505801,0.741115,0.010699,0.603111893,-1.46905,0.016385863980000002,-0.144399
84,-0.00973773,0.00103974,-0.00231541,0.00039592,-0.0011155,-3.13803e-06,-0.053173000000000005,-0.0162641,-0.0432846,0.0351084,0.733349,-0.025355000000000003,0.1837217901,-1.52483,0.013262643219999998,-0.178579
85,-0.00949846,-0.00333957,-0.00182933,-0.00043518,-0.000768263,-0.00023679,-0.053354700000000005,-0.013645500000000001,-0.015514199999999999,-0.0154835,0.7157600000000001,0.045699000000000004,-0.9217228688,-1.27165,-0.1621932217,0.154864
86,-0.0130773,-0.00600464,-0.00275059,-0.00081044,-0.00135229,-0.00193346,-0.06681849999999999,-0.05611030000000001,-0.058768100000000004,-0.0630872,0.779048,0.053961,-1.087932579,1.39514,0.1681263316,0.750879
87,-0.0155031,-0.0024258,-0.00263977,1.53899e-05,-0.00270172,-0.00143153,-0.109465,-0.0418365,-0.07860139999999999,-0.0276944,0.769721,0.03556,0.47341422549999995,1.72302,0.5886855684000001,0.32682100000000003
88,-0.0155031,0.0004152,-0.0027351999999999997,-2.17399e-05,-0.00278382,0.00105397,-0.108655,0.056884000000000004,-0.0864625,-0.023189599999999998,0.814608,-0.105045,0.6350896602,-0.826959,0.4949477898,0.00292253
89,-0.0150879,0.0019543,-0.00266151,0.00044825,-0.00164775,0.00183483,-0.052580999999999996,0.0804242,-0.10179099999999999,0.026751,0.664676,-0.198639,-0.3535443931,-1.85313,0.5916081038000001,0.026617599999999998
90,-0.0135488,0.0014634000000000001,-0.00228695,0.00039062,-0.000948987,0.00053601,-0.0282308,0.006795399999999999,-0.0597115,0.0422942,0.615969,-0.031167,-1.21803589,-0.813991,0.5215654556,-0.131884
91,-0.013624500000000001,-6.40005e-05,-0.00227089,-0.00014339,-0.00111174,-0.000323373,-0.0457856,-0.0240847,-0.05949680000000001,-0.0242962,0.633509,0.031113,-1.167534968,1.7426,0.45972436780000003,-0.17815999999999999
92,-0.013612799999999998,0.0016907,-0.00243034,-0.00066922,-0.00127236,-0.00054731,-0.052315499999999994,-0.0170688,-0.0840077,-0.0036390999999999997,0.6470819999999999,-0.05285599999999999,0.5245687904,2.7856799999999997,0.3434054587,0.0741784
93,-0.0119338,0.0019827,-0.00294011,-0.0001669,-0.00165905,0.0005211430000000001,-0.0628544,0.0374663,-0.06313590000000001,-0.0478523,0.580653,-0.41393500000000005,1.6181448999999999,0.963757,0.5339027372,-0.331117
94,-0.0116301,0.0010935,-0.00259724,0.00086923,-0.000751217,0.0010735999999999999,-0.014849200000000002,0.0546236,-0.13185999999999998,-0.07917410000000001,0.233147,-0.45991099999999996,1.488326204,-0.582489,0.01228813895,0.0599841
95,-0.010840299999999999,0.0007551010000000001,-0.00207088,0.00041138,-0.000585455,0.00016576200000000002,-0.00823084,0.015497799999999997,-0.14231,0.0329546,0.120742,-0.046801999999999996,1.035655376,-1.3004200000000001,0.5938869113,0.0146347
96,-0.010875,0.0008064,-0.00218586,0.000171,-0.000585455,-0.000126363,0.000648635,0.0123815,-0.09890539999999999,0.05535419999999999,0.186345,0.057762,0.18790223379999998,-1.2943799999999999,0.02692283522,-0.716388
97,-0.0100339,0.000262599,-0.00189988,0.0002976,-0.000711818,-0.000108887,0.00415071,-0.0018238,-0.0869558,0.0172022,0.178504,0.015352000000000001,-0.25872219760000004,-1.04986,-0.1225008576,-0.0329925
98,-0.0106124,-8.149999999999999e-05,-0.00188826,0.00033809,-0.0006943419999999999,0.000126363,-0.00117517,-0.00972779,-0.08170319999999999,0.007390899999999999,0.20169700000000002,0.058353999999999996,-0.8619608970999999,-1.01393,-0.006069629579000001,0.250686
99,-0.0101154,0.00109731,-0.00156179,0.00052826,-0.000585455,-0.000313468,-0.00557708,-0.012881700000000001,-0.0795649,0.0018157,0.23685799999999999,0.028551,-1.2726542920000001,1.01653,0.1281852822,0.399347
100,-0.00951509,0.00100802,-0.0013599999999999999,0.00014981,-0.00100781,-0.000683285,-0.014056899999999999,-0.0226606,-0.0798875,0.042799300000000005,0.230248,0.047472,0.154570295,1.47225,0.3932769768,0.516826
101,-0.00910738,0.00054471,-0.00141198,-0.00110625,-0.00126874,-0.00019839,-0.0282377,-0.0191085,-0.0367656,0.174216,0.28433,0.25759099999999996,0.19959504039999998,-0.206933,0.6450109299,0.362047
102,-0.00897038,0.00440732,-0.00246625,0.00176325,-0.0012062000000000002,-0.00019819,-0.0331654,-0.0207882,0.0943288,0.0188262,0.487839,-0.087755,-0.05236241972,-0.507445,0.7553236125,-0.26810500000000004
103,-0.00470006,0.00662502,0.000351274,0.00281752,-0.00146693,0.00019839,-0.049025900000000004,-0.0243854,-0.0179394,-0.09160610000000001,0.196575,-0.28215100000000004,-0.30784984670000004,0.442824,0.3769062768,-0.707689
104,-0.00234536,0.00493716,0.000351274,9.065600000000001e-05,-0.00100781,0.00045912,-0.057550800000000006,-0.0064670000000000005,0.00272274,0.049504900000000004,0.205688,-0.029141000000000004,0.3904620285,2.04386,0.0476342042,-0.336043
105,0.00023710099999999998,0.013352600000000001,0.00044193,0.00235415,-0.00100781,0.00040303199999999995,-0.0554929,0.014112399999999999,0.031565499999999996,0.152526,0.167434,-0.059253999999999994,1.736007562,-0.13316,0.04086279152,-1.54275
106,0.0110072,-0.0008897789999999999,0.00270542,0.00067535,-0.000604778,0.00164414,-0.0434384,0.0751322,0.155249,-0.06631530000000001,0.14643399999999998,-0.037853,0.2573022267,-2.50176,-1.495111035,-1.5001200000000001
107,-0.0006526780000000001,-0.00931946,0.00111728,-0.00164183,0.000636335,0.000947128,0.0196393,0.0544404,-0.034749800000000004,-0.182448,0.129581,-0.143756,-0.7657527852,-1.6124,-1.4592607690000001,1.0275299999999998
108,0.00168774,0.00197431,0.00106359,-0.000484936,0.00034235,-0.000457172,0.011002,-0.018290400000000002,-0.027198700000000003,0.0228689,0.0026778,-0.11715,-1.355095437,-0.820634,-0.467579601,1.3334700000000002
109,0.00132163,-0.00036611,0.000632344,-0.000329171,0.000179163,-0.000163187,0.00134895,-0.010067,-0.0118809,0.0241572,0.012430799999999999,0.015769,-1.586387116,1.05172,-0.1257929424,0.667354
110,0.00132163,-0.00014103,0.0007344189999999999,0.000102075,0.000179163,0.0,0.0009350160000000001,0.00013813,-0.00304147,0.0289625,0.0184468,-0.019479,-0.3033722096,2.5462,0.19977419329999999,0.282846
111,0.0011806,0.00047510000000000006,0.0007344189999999999,0.0,0.000179163,5.4013e-05,0.00148708,0.00826843,0.0170816,0.035034300000000004,-0.00704815,-0.0140547,0.9598160260999999,1.85585,0.1570533449,-0.250662
112,0.00179673,0.00037247,0.0007344189999999999,-0.000423908,0.00023317599999999998,0.000312891,0.00920345,-0.00284807,0.0319928,0.014916299999999999,0.00439211,0.0385874,1.552475745,0.127109,-0.05088778016,-0.308919
113,0.00155307,0.00054744,0.00031051099999999997,-0.000447487,0.000492054,0.000242786,-0.00136099,-0.0114347,0.0319979,-0.005266300000000001,0.031539199999999996,0.0109178,1.0869254320000001,-1.72653,-0.1518655309,-0.0384254
114,0.00234417,-0.00012347,0.000286932,-0.00018240000000000002,0.00047596199999999997,-0.000245816,-0.00223127,-0.00582013,0.0267265,5.8002800000000005e-06,0.0153099,-0.0022289000000000002,-0.17405915789999998,-2.05829,-0.08931316018999999,0.32979
115,0.0014295999999999998,-0.00177742,0.000128111,-0.00015882100000000002,0.00024623799999999997,-0.000490002,-0.00718112,-0.00298059,0.0320037,0.0052192,0.0293103,0.0271072,-0.9713686698999999,-0.9975139999999999,0.1779243871,0.264424
116,0.000566754,-0.00145903,0.000128111,0.0,-1.4039900000000001e-05,-0.000263371,-0.00521186,0.0101434,0.0319457,-0.0213308,0.0424171,-0.030125400000000004,-1.171573458,0.334326,0.1751112441,-0.0489541
117,-2.9428e-05,-0.0006486759999999999,0.000128111,-0.00034346400000000003,-1.71333e-05,0.000193203,0.00296233,0.00817535,0.010672899999999999,-0.021275,-0.0008150610000000001,-0.0435663,-0.6370422288,0.615015,0.128970313,-0.21049600000000002
118,-8.19219e-05,-0.000619334,-0.000215353,0.0,0.000179163,0.000196296,0.00296349,0.0,0.0106707,-0.0300455,-0.00114917,0.018345900000000002,-0.5565581812,0.9989,-0.0353848686,-8.1867e-05
119,-0.000648762,-0.000239029,0.000128111,-8.092699999999999e-05,0.000179163,0.0,0.00296233,4.2498599999999995e-06,-0.0193726,-0.030041200000000004,0.0175308,0.008949700000000001,0.3618579289,1.72853,0.1288884471,0.21322399999999997
120,-0.000320951,-0.000156345,-0.00029628,-0.000266953,0.000179163,0.0,0.00296774,0.0029936999999999997,-0.019370500000000002,-6.3013300000000005e-06,0.00780053,-0.0201924,1.171968057,0.06773810000000001,0.17783871199999998,-0.265516
121,-0.000805107,-0.000328924,-0.000138842,0.000165205,0.000179163,0.0,0.00595603,1.49943e-07,-0.0193789,-8.49925e-06,-0.00266155,-0.010184,0.4295960418,-1.48672,-0.13662777369999998,-0.40902
122,-0.000649875,-0.00011666399999999999,-0.000131075,0.000140798,0.000179163,0.0,0.00296789,-0.0029921,-0.019379,-0.0078503,-0.00238348,0.0106083,-0.3147563639,-1.6500700000000001,-0.2311810464,-0.182563
123,-0.000921771,-0.00121429,1.95572e-06,0.000153068,0.000179163,0.0,0.00296393,0.00220048,-0.027229200000000002,-0.030257999999999997,0.00794677,0.00234219,-1.220471749,0.18328599999999998,-0.3191903927,-0.0118332
124,-0.00186417,-0.000338399,2.19928e-05,0.000140954,0.000179163,0.0,0.00516837,1.69901e-05,-0.049637,-0.000247002,-4.12919e-05,-0.026506799999999997,-0.1314705594,1.9053799999999999,-0.24301424530000001,0.07621280000000001
125,-0.00126017,0.00187296,0.00014291,0.00044013699999999995,0.000179163,0.0,0.00298092,0.00385809,-0.0274762,0.0240231,-0.01856,-0.0251405,0.6849065126,-0.884172,-0.2429775607,0.23179
126,8.79442e-06,0.000954705,0.00046213,-5.0627399999999996e-05,0.000179163,0.00011662,0.00902646,0.00416423,-0.025613900000000002,-0.009276000000000001,-0.025181799999999997,-0.009567299999999999,-1.015642203,-2.36556,-0.01122430127,0.21706599999999998
127,-0.000305465,-6.12535e-05,9.22826e-05,-0.00075841,0.000295783,6.2752e-05,0.00714515,-0.00606537,-0.0367522,-0.0021833,-0.028127299999999997,-0.0082954,-1.680657105,-0.226708,-0.025911457510000003,-0.054809199999999995
128,-5.24591e-05,-0.0005683880000000001,-0.00029628,-3.62775e-05,0.000241915,-0.00011662,0.00296109,-0.00128749,-0.027797199999999998,0.0007237010000000001,-0.0334772,-0.0075415000000000005,-1.242350535,1.36058,-0.06603349506,0.048994
129,-0.0008738530000000001,-0.00040813800000000006,5.6005100000000004e-05,0.000268113,0.000179163,3.9936e-05,0.00585766,1.49498e-05,-0.036028500000000005,0.0001294,-0.03566880000000001,-0.0023521,-0.3200738932,1.8776099999999998,0.023082562969999998,0.22741599999999998
130,-0.000460597,-0.000487937,-2.81666e-05,-0.000352285,0.000281851,0.0,0.00297604,-0.00986177,-0.0276678,-0.013595,-0.0358293,-0.000294,0.6352623525,1.63975,0.1613821059,-0.07412560000000001
131,-0.00136179,-0.0007128330000000001,-0.00029628,-0.000268113,0.000179163,-0.00010268799999999999,-0.00400411,-0.0130164,-0.0496235,-0.0219518,-0.0359628,0.025372,1.319672376,0.660918,-0.05104304683,-0.376177
132,-0.00117343,-0.00018821,-0.00029628,0.0,0.000179163,0.0,-0.0100404,-0.00203666,-0.0496196,-0.0087888,-0.0104573,0.036373800000000005,1.296180511,-0.9595360000000001,-0.21479503809999997,-0.307188
133,-0.00155,-0.00079734,-0.00029628,0.0,0.000179163,0.0,-0.00604077,0.013008100000000002,-0.05841230000000001,-0.017235499999999997,0.00041097400000000004,-0.015153299999999998,0.36013650950000003,-1.943,-0.3582312164,-0.19608499999999998
134,-0.00197077,0.00024644,-0.00029628,0.0,0.000179163,0.0,0.00296774,0.00900851,-0.0668551,0.0190643,-0.0256106,-0.029097199999999997,-0.6468217394,-1.9060599999999999,-0.4108800943,0.0399066
135,-0.00130356,0.00037706,-0.00029628,0.000112295,0.000179163,0.0,0.00296774,9.29995e-06,-0.039348,-5.1796400000000004e-05,-0.028686200000000002,-0.022391099999999997,-1.545919232,0.24745999999999999,-0.3183246065,0.440037
136,-0.00159371,8.70699e-05,-0.000183985,0.0,0.000179163,0.0,0.00297704,0.0,-0.06690689999999999,0.028442900000000004,-0.0480017,0.011104799999999998,-0.3993620117,2.31066,0.02915737085,0.48686499999999994
137,-0.00121649,0.000834447,-0.00029628,0.000251531,0.000179163,0.0,0.00296774,-0.00660975,-0.010905100000000001,0.0462069,-0.0175814,0.0364175,0.7647411395999999,1.63561,0.16854028489999998,-0.0741042
138,-0.000759263,6.04701e-05,6.754640000000001e-05,0.000322835,0.000179163,0.0,-0.00363271,2.64007e-06,-0.0207,-0.026338599999999997,-0.011584200000000001,0.021202099999999998,1.236244113,0.909172,-0.044946873059999996,-0.649356
139,-0.00115602,-0.00013932,2.6555e-05,-9.936599999999999e-06,0.000179163,-0.00016442,0.00297038,-0.00192202,-0.0372437,0.0022905,0.00362073,0.0152216,1.673913055,-0.707608,-0.48081600560000004,-0.372014
140,-0.000898583,0.00037119599999999996,5.76098e-05,8.646399999999999e-05,1.47433e-05,0.0,-0.00555473,6.590039999999999e-06,-0.0184095,0.0188336,0.00363745,2.07899e-05,0.5286360417,-1.9487700000000001,-0.4169606929,-0.06968930000000001
141,-0.0007848239999999999,0.000601847,0.000113019,5.42402e-05,0.000179163,0.00016442,0.00297697,-0.00397707,-0.0184101,0.0080699,0.00364152,5.724e-05,-0.27486053579999997,-1.6352200000000001,-0.5505052836,0.0984156
142,-0.00029673599999999997,0.0009210539999999999,0.00011185,9.139e-06,0.000179163,-0.000146635,-0.0095318,-0.0101911,-0.010339600000000001,-0.0251678,0.00369469,-0.030911,-1.1065869240000001,-0.763487,-0.3185451339,0.610556
143,0.00013623,0.000783827,0.000122158,-2.736e-06,3.25281e-05,-0.000189767,-0.00721409,0.00499438,-0.0435779,-0.0007027,-0.0272695,-0.0227085,-1.038347416,1.29401,0.06005076285,0.607087
144,0.000487091,-2.9330999999999998e-05,0.000109114,-4.56668e-05,-1.06035e-05,1.4146e-05,-0.00453742,0.00107698,-0.011042299999999998,0.034576800000000005,-0.0190138,0.0137691,0.1874186592,1.7647400000000002,0.288541453,0.442428
145,0.000106899,-0.000679035,7.64912e-05,2.0793000000000002e-05,4.66741e-05,0.000189767,-0.00613711,0.00519516,-0.00900111,-0.009716200000000001,-0.0135004,0.0220569,0.7263972022,0.656289,0.5024785782,-0.11252999999999999
146,-0.00019194400000000002,-0.000721372,0.00012990700000000002,-7.03339e-05,0.000179163,-0.000108862,0.000657739,0.00020109,-0.0207585,-0.0127559,0.00304313,0.148295,0.8437074056999999,-0.292603,0.17601136480000001,-0.448351
147,-0.000614473,-0.00389173,6.15732e-06,-0.00196255,-6.21878e-05,0.000682955,-0.00593602,0.0035810000000000004,-0.021757,0.133674,0.134795,1.04074,0.4337940388,-1.6847400000000001,0.05412754641,-1.43268
148,-0.00408367,-0.00487022,-0.00183264,-0.00104636,0.000862118,0.00057327,0.00423874,0.036849,0.11291500000000002,-0.0712276,1.04378,-0.10424000000000001,-0.8410288222,-0.957441,-1.2566691840000002,-0.608099
149,-0.00548469,0.00142709,-0.0010402,0.00138874,0.0005110819999999999,-0.000313607,0.030913,0.018787099999999998,-0.0929846,-0.135431,0.0305552,-1.0326,-0.5236470795,2.05491,-0.5539714472999999,1.57798
150,-0.00265658,0.00461632,-0.0004439,0.0008706839999999999,0.000548511,-0.000331919,0.0230258,-0.0155235,-0.0225157,0.10588299999999999,0.0111765,-0.015268,1.21388391,1.89117,0.3213063929,0.728672
151,-0.000868367,0.00188109,-0.00016951599999999998,0.000327549,0.000179163,-0.00028983599999999997,0.0153895,-0.0121192,0.0128981,0.038017800000000004,0.0152872,0.023504499999999998,1.367520984,-0.705796,0.1747003354,-0.9058719999999999
152,-0.000775489,-0.000256453,-0.000116351,0.000199019,0.000258675,0.0,0.0109066,-0.0141942,0.015502100000000001,0.0238335,0.034681000000000003,0.06047759999999999,0.5080877011,-1.55346,-0.5845654725,-0.54938
153,-0.00112482,-0.000917211,2.95033e-05,0.00015923899999999998,0.000179163,-7.9512e-05,0.00119526,-0.0234858,0.036731599999999996,-0.0198863,0.07576480000000001,0.0062324,-0.18594148100000002,-1.52667,-0.37467946700000004,0.615838
154,-0.0016926999999999999,-0.00011543,4.28876e-05,1.33843e-05,0.000179163,0.0,-0.0125792,-0.0045706,-0.0043841999999999996,-0.0436129,0.0409134,-0.0651289,-1.0185824959999998,-0.420959,0.03127282553999999,0.706634
155,-0.00124025,0.00034675,4.28876e-05,0.0,0.000179163,0.0,-0.00337534,0.00474342,-0.00688129,-0.00250094,0.0106359,-0.030543400000000002,-0.6069001897999999,1.1027,0.3319547915,0.46268000000000004
156,-0.00134595,5.26899e-05,4.28876e-05,-0.000185562,0.000179163,0.0,-0.00783578,-0.00638196,-0.00688514,-0.00221486,0.01037,-0.00063901,0.08412233124,-0.30511,0.4939525361,0.07115980000000001
157,-0.00118756,0.000716341,-0.000142674,-9.413270000000001e-05,0.000179163,0.0,-0.0097573,0.00553203,-0.00909615,-0.0299375,0.00999689,-0.13458599999999998,-0.9120100445999999,-0.95768,0.4031146161,0.326807
158,-0.000629609,0.00244369,-5.12451e-05,0.000185562,0.000179163,0.0,-0.00230375,0.0200162,-0.0368226,0.00244319,-0.12421600000000001,-0.15288800000000002,-0.8735575898000001,1.92387,0.8207591679999999,0.361885
159,0.00125613,0.00172745,4.28876e-05,0.00029335900000000004,0.000179163,0.0,0.0102589,0.00177035,-0.00665296,0.054400699999999996,-0.14289100000000002,0.009581000000000001,1.011862673,1.5814700000000002,0.7649995320999999,-0.484091
160,0.00109784,-0.000523877,0.000242114,0.000348569,0.000179163,0.00011909999999999998,-0.000533399,-0.0104245,0.0175781,0.00698271,-0.11463499999999999,0.05438540000000001,0.7079082405,0.00994265,0.33666862840000006,-0.944084
161,0.000732253,-0.000754861,0.00039145699999999995,-9.345e-05,0.000298263,0.0,-0.00016560200000000002,0.00316009,0.00032975,-0.000444401,-0.0885056,0.0267807,1.0218052309999999,0.25037,-0.1790848234,-0.34703
162,0.00034297900000000004,0.000179089,0.00014866399999999998,3.763e-05,0.000179163,-0.00029906400000000004,0.00262669,-0.00334656,0.0171337,-1.6635e-05,-0.0878543,-0.0010364,0.9582784739,-2.4704900000000003,-0.01036158075,0.504311
163,0.000911342,0.000176722,0.000429087,0.000669613,-8.00981e-07,0.0,-0.00351216,-0.013374299999999999,0.000313115,-0.0018129,-0.089542,0.0529769,-1.44868537,-1.26268,0.32522645780000004,0.571419
164,0.000519701,-0.00023879200000000001,0.000818277,0.000179268,0.000179163,0.00017996400000000001,-0.0107476,-0.00767454,0.015320799999999999,0.026147000000000004,-0.0348774,0.06726339999999999,-0.3044045094,2.99883,0.5610569857,0.0380327
165,0.00067255,0.0040157,0.000608355,0.0,0.000179163,0.00152173,-0.0111867,-0.035494300000000006,0.0264601,1.1619700000000002,-0.022278599999999996,0.297268,1.5501472859999998,1.32341,0.36325909840000004,-2.21991
166,0.0045354,0.00190398,0.000818277,-0.000543319,0.00170089,0.00125537,-0.0462419,0.0105444,1.17729,0.36917,0.262391,-0.135684,1.019001962,-1.79932,-1.6588507719999999,-1.6877099999999998
167,0.00257653,-0.00454384,6.503619999999999e-05,-0.001068,0.00143453,-0.00021160000000000002,-0.000642315,0.05676269999999999,0.39563000000000004,-1.02285,-0.15796300000000002,-0.5280090000000001,-0.2491775062,-0.991927,-1.324451931,1.75931
168,-8.43615e-06,-0.00290096,-0.000249728,-0.000697875,0.00148929,-0.000491943,0.0105208,0.01099,0.15443800000000002,-0.24079699999999998,-0.26561799999999997,-0.071203,0.02707497459,0.24884299999999998,0.1004563983,1.29551
169,-0.000324427,-8.716520000000001e-05,-0.0006328390000000001,-0.00046711800000000004,0.0009425869999999999,-0.00086122,0.0103477,-0.0002543,0.154833,-0.00754401,-0.22916599999999998,0.024647,-0.0003340332473,-0.8437530000000001,-0.028939416360000005,-0.203656
170,-9.560129999999999e-05,-0.00034478199999999997,-0.000716846,-0.00012064600000000001,0.00062807,-0.00018690099999999998,0.010266500000000001,-7.03e-05,0.146894,-0.007845999999999999,-0.240971,0.032253,-0.8166777923,-0.9185270000000001,-0.1031997266,0.27364099999999997
171,-0.0006692089999999999,0.0007798610000000001,-0.000753485,0.000346566,0.0007556860000000001,-9.8644e-05,0.0102774,5.52004e-05,0.14698699999999998,-0.027259,-0.196913,-0.039715,-0.9188612254999999,0.380399,0.244701969,0.476229
172,0.00068426,0.000990709,-0.00037028,0.000355314,0.0005294259999999999,-0.000434199,0.010321700000000001,-0.00943647,0.11963499999999999,-0.016783000000000003,-0.280686,-0.053091,-0.4362787547,0.953297,0.37302904909999995,-0.100274
173,0.0003215,-0.00126801,-0.000398171,-0.00012108299999999999,0.000321487,0.0,0.0008409289999999999,-0.0126751,0.130204,0.027147000000000004,-0.250004,0.09299500000000001,0.03443620043,-0.202954,0.1444279819,-0.0637475
174,-0.000583746,-0.00112655,-0.000491363,-0.0005658330000000001,0.0005294259999999999,0.000207939,-0.0023534000000000003,0.00251846,0.146782,0.016628,-0.187691,-0.013621000000000001,-0.6392323821,-0.260372,0.3092815616,0.333449
175,-0.000805045,-0.00026548,-0.000964004,-0.000472641,0.0005294259999999999,0.0,0.00335939,0.0125244,0.146832,4.90099e-05,-0.263625,-0.007926,-0.22593535239999998,-0.0857676,0.477876664,0.30661900000000003
176,-0.000849226,0.00022129900000000002,-0.000964004,0.000244792,0.0005294259999999999,8.4832e-05,0.010171,0.00687921,0.146831,-0.039889999999999995,-0.195617,0.00858501,-0.7249999559,-0.5323939999999999,0.6159006668,0.190691
177,-0.000583746,0.00011036,-0.000719212,0.0,0.000614258,0.0,0.0102386,-0.00824244,0.10694200000000001,-0.030597000000000003,-0.25504,-0.067589,-0.7583292125,1.7373599999999998,0.6685673690999999,-0.00234079
178,-0.000738866,-0.000906974,-0.000964004,-0.000492598,0.0005294259999999999,-8.4832e-05,0.00192856,-0.0001051,0.11623399999999999,-0.0249684,-0.263206,0.035475,1.01236107,1.87127,0.6135599098,-0.390447
179,-0.00149072,-0.000431944,-0.00121181,-0.000122086,0.0005294259999999999,0.0,0.0101335,0.00822544,0.08197360000000001,-0.0336298,-0.219565,0.026771,1.112939307,-0.527749,0.27811995219999996,-0.602333
180,-0.00117081,0.000581445,-0.00108609,0.00044813,0.0005294259999999999,-0.000250039,0.010154,-0.0103186,0.08260419999999999,0.031237400000000002,-0.23643499999999998,0.049183,0.4846117196,-1.23111,0.01122688529,-0.0847347
181,-0.000909275,0.00100207,-0.00076368,0.000122086,0.00027938700000000003,-0.000461947,-0.00018506900000000003,-0.011612,0.11321099999999999,0.0634398,-0.170382,0.020763,-0.1181715201,-1.30721,0.1933852728,0.485404
182,-0.00016873599999999998,0.000115352,-0.000964004,-0.00060246,6.74785e-05,-0.000570059,-0.001458,0.00436396,0.146044,-0.0483764,-0.21567199999999997,-0.0459,-0.8226011384,-1.26576,0.49663056240000003,0.603809
183,-0.000793923,-0.000878344,-0.00136614,-0.0005094359999999999,-0.000290672,0.0,0.00417889,-0.00535237,0.0648346,-0.0475828,-0.21628200000000003,-0.015691,-1.3839270469999998,0.693924,0.7971945528000001,0.139153
184,-0.00104708,-0.000236567,-0.00147344,-0.00011343,6.74785e-05,0.00013307,-0.00681037,-0.019879499999999998,0.0984612,0.0518384,-0.231363,0.0032909999999999997,-0.1286766657,1.6854099999999999,0.6357839938000001,-0.250846
185,-0.00103049,0.00168192,-0.00147957,0.000625233,-0.000157602,0.0,-0.0157006,-0.00021373,0.116673,0.038599800000000004,-0.21299099999999999,0.008843,0.3014787752,-0.26863899999999996,0.5463489522,-0.09021289999999998
186,0.0006348419999999999,0.00136414,-0.000848207,0.0007460419999999999,6.74785e-05,0.000488539,-0.0070241,0.00863263,0.137061,0.015452,-0.22252,-0.00027100700000000003,-0.3973160483,-1.4600899999999999,0.5455710522999999,-0.09281299999999999
187,0.00033365300000000005,0.00038880800000000004,-0.000733528,-6.886199999999999e-05,0.00033093699999999995,0.0,-0.00706797,0.00119523,0.132125,0.002396,-0.21326199999999998,-0.017026,-1.158611123,-0.275359,0.4535358828,0.1388
188,0.00102365,0.00107152,-0.000917069,-0.00011467899999999999,6.74785e-05,5.205e-05,-0.00582887,0.00053049,0.139457,0.023227,-0.239546,-0.038014,-0.6726751861,2.28029,0.6843713819,0.28912
189,0.00140517,-0.00857112,-0.000848207,6.886199999999999e-05,0.000382987,0.00011808600000000001,-0.00653748,0.0160381,0.155352,-0.201468,-0.251276,-0.0463,1.12167517,1.87578,0.7426558634,-2.4255400000000003
190,-0.00754747,-0.025070099999999998,-0.000848207,-0.00160363,0.00018556400000000001,0.000929793,0.010209200000000002,0.08391900000000001,-0.062011000000000004,-0.39258699999999996,-0.285846,-0.134237,1.203103572,-0.467551,-1.741167858,-3.0827
191,-0.0236649,-0.00346203,-0.00245184,-0.000583053,0.00131278,0.00152988,0.0773815,0.0468916,-0.237235,0.0706323,-0.385513,-0.008248,0.6541241215,-0.616149,-2.34004796,3.4026400000000003
192,-0.0110095,0.0119712,-0.00143126,-0.00080816,0.00171544,0.0013991,0.05710080000000001,-0.04537530000000001,0.00862131,0.38794,-0.294094,-0.091925,0.5869545742,-1.48486,1.6614690680000002,2.66624
193,-0.011693700000000001,0.00431106,-0.0032600000000000003,-0.00087689,0.00271188,0.00033015,0.0320062,-0.0189141,0.150705,0.192441,-0.47743800000000003,0.203927,-0.8307382944,-2.02198,0.3261949252,-4.21948
194,-0.00669844,0.0006349999999999999,-0.00230815,0.00129245,0.00204559,-0.00066629,0.0381867,0.0344355,0.201062,-0.267485,-0.0901673,-0.167687,-1.435026675,0.421559,-2.558009625,-1.05961
195,-0.011058700000000001,0.00239554,-0.00196755,0.00047808,0.00204559,-0.00071683,0.06644169999999999,0.0240643,-0.11678,-0.17385,-0.645125,-0.355091,-0.4091791722,2.47763,-0.7334126406,3.7513400000000003
196,-0.004302899999999999,0.00721873,-0.00183007,0.00082672,0.00132876,-0.00083933,0.062251,-0.0121585,0.0272123,0.150076,-0.445258,0.203785,1.042604495,2.72247,1.1933267570000001,0.5457390000000001
197,-0.00383997,0.00036811,-0.00114083,0.00058557,0.00120626,0.00017019,0.0542832,-0.0193579,0.0332959,0.0333967,-0.44133999999999995,0.017763,2.3132857209999997,0.516235,-0.18767346829999998,-2.20733
198,-0.00393479,0.00098696,-0.0012445,0.00010808,0.00149895,0.00022595,0.042893099999999997,-0.0173342,0.060609,0.0352791,-0.42749499999999996,0.038055,1.558838978,-2.51618,-1.014004205,-1.3805399999999999
199,-0.00285301,0.00143544,-0.00103275,0.00022956,0.00143221,-0.00022755,0.036949,-0.0045548,0.068575,-0.026151499999999998,-0.403285,0.058836,-0.20288920920000003,-3.02923,-1.5682184,-0.677375
200,-0.00249935,0.00030936,-0.00101494,0.000239562,0.0012714,-0.00033616,0.038338300000000006,-0.0077389,0.0344575,-0.026817200000000003,-0.368659,0.029464999999999998,-1.4703872409999998,-1.67775,-1.691379516,0.13561099999999998
201,-0.00254365,0.00092169,-0.000793188,8.552299999999999e-05,0.00109605,-0.00016657,0.0292101,-0.0146274,0.041757800000000005,0.0208591,-0.37382,0.009152,-1.8806372569999998,-0.308396,-1.432607375,0.8464649999999999
202,-0.00157766,0.00141728,-0.000929417,-0.000138699,0.00110483,-0.00011430299999999999,0.0237109,0.00023799900000000002,0.055316599999999994,-0.0080312,-0.359507,-0.012537999999999999,-1.778782883,0.147776,-0.844914246,1.08976
203,-0.00112637,-0.00062722,-0.000931887,-0.000380623,0.000981747,3.201e-05,0.029448099999999998,0.0015072,0.033726599999999995,-0.0136844,-0.386358,-0.044629,-1.732860787,0.923732,-0.34284505649999997,1.11279
204,-0.00220488,-0.00070611,-0.00131004,-8.470299999999999e-05,0.00113684,0.000162273,0.025218099999999997,0.0030737,0.041632199999999994,0.007744,-0.404136,-0.036792,-0.8550513586,1.7727700000000002,0.2678795886,0.897544
205,-0.00183248,2.3149899999999997e-05,-0.00101659,0.00029345,0.00114402,2.743e-05,0.032521800000000003,0.0063994,0.041470599999999996,-0.0025561,-0.42315,0.025666,0.039908052810000004,1.7421200000000001,0.5546985699,0.192708
206,-0.00218173,-0.00233235,-0.00101659,0.0,0.00116427,0.00012089,0.0316175,-0.0070652,0.039076099999999996,-0.009500100000000001,-0.37847,0.14056,0.8870728023000001,0.320726,0.46058766840000004,0.046720099999999994
207,-0.00416483,-0.00157849,-0.00101659,-0.00056192,0.00126491,0.0,0.025456599999999996,-0.0013935,0.0319705,-0.0625957,-0.28259,-0.009004,0.3606339194,-1.2161,0.6014187269,0.395665
208,-0.00376022,0.00246353,-0.00157851,-5.818e-05,0.00116427,-0.00010064,0.030224,-0.003296,-0.023519599999999998,0.0230987,-0.387474,-0.113553,-0.3290306494,0.9358219999999999,0.8562526193000001,0.0968425
209,-0.0017012999999999998,0.00199262,-0.00107477,0.00019617,0.00116427,0.0,0.0221606,-0.008759600000000001,0.0550692,0.120137,-0.39614299999999997,0.021807,1.296455821,1.5378100000000001,0.6982612863,-0.414362
210,-0.0017675999999999998,0.0007922869999999999,-0.00138234,-4.915e-05,0.00116427,0.0,0.0214644,0.0022241,0.09661710000000001,0.024825,-0.365667,0.00677198,1.208778006,-0.0125581,0.44189075780000003,-0.741545
211,-0.0009090130000000001,0.000858587,-0.00112392,-2.745e-05,0.00116427,0.00020831,0.024384700000000002,0.008904700000000002,0.0798942,-0.034676,-0.389371,-0.016761,1.283897721,0.221965,-0.04328336743,-0.8254030000000001
212,-0.0009090130000000001,-0.00045102699999999995,-0.00140979,-0.00039835,0.00137258,0.0,0.030369099999999996,0.005857899999999999,0.06194109999999999,-0.0249105,-0.38242800000000005,-0.00682399,1.4307426090000002,-1.90095,-0.3835121775,-0.207873
213,-0.00136004,-0.00159324,-0.00152227,0.00019535,0.00116427,6.618e-05,0.030242599999999998,0.0089206,0.054983699999999996,0.014613399999999999,-0.39619499999999996,0.173495,-0.6170516313000001,-2.6945,-0.25115639510000004,0.666899
214,-0.00250225,-0.00109147,-0.00121444,0.000584178,0.00143876,0.0,0.0392897,0.0190183,0.0765545,-0.0245989,-0.20893299999999998,0.019545,-1.26375433,0.0498867,0.2833870425,0.8482850000000001
215,-0.00245151,0.00070676,-0.000938092,0.000553573,0.00116427,1.11901e-05,0.0492609,-0.0035213,0.0303848,0.0225503,-0.37665,-0.069368,-0.5671649713,0.956551,0.5971283553,1.20344
216,-0.00179549,0.0001796,-0.000660867,9.89804e-06,0.00144995,0.0,0.035768400000000006,-0.014637,0.0991048,0.024574400000000003,-0.278301,-0.041238,-0.3072034179,1.21699,1.486828784,0.764462
217,-0.00227191,-0.00104324,-0.0009281939999999999,-0.000779353,0.00116427,-0.00018156,0.034623900000000006,-0.00010180100000000001,0.0549592,-0.0765957,-0.41788800000000004,-0.067298,0.649829158,2.3881900000000003,1.3615898690000001,-0.8505030000000001
218,-0.00283873,-0.00065611,-0.00144022,-0.000391936,0.00126839,0.00013144,0.0356666,-0.005313399999999999,0.022509099999999997,-0.032374,-0.345599,0.11888199999999999,2.080988109,-0.389257,0.6363255439,-1.3504399999999999
219,-0.00292802,0.00060746,-0.00132013,0.000451359,0.00129571,-0.00017174,0.029310500000000003,-0.0134641,0.0225852,0.0239397,-0.299006,0.085052,0.2605719394,-2.34187,0.011151126740000001,-0.9388989999999999
220,-0.00223127,0.00093574,-0.000988861,0.00033126900000000003,0.00109665,8.05e-06,0.0222025,-0.0021441999999999998,0.046448800000000005,0.0757541,-0.260547,0.077831,-0.26088392969999996,-0.383029,-0.3025735732,-0.283249
221,-0.00199228,0.00021882,-0.000988861,-0.00041646900000000004,0.00130376,6.762e-05,0.0271663,-0.002555,0.0983393,0.034801,-0.221175,0.096575,-0.1224566381,-1.46011,-0.2720980052,0.234631
222,-0.00201245,-0.00033886,-0.00140533,0.000468791,0.00116427,-0.00013949,0.0196475,-0.0130787,0.08124980000000001,0.0907057,-0.163972,0.58232,-1.72099241,-1.24645,-0.06794261795,0.519816
223,-0.00233114,-0.00245401,-0.00052007,0.0006399880000000001,0.00116427,0.00051405,0.0140876,-0.0163368,0.189045,-0.0481824,0.361145,0.127776,-1.368902349,2.50582,0.2477182043,-0.9344540000000001
224,-0.00446646,-0.00126439,-0.000765342,-0.000245272,0.00167832,0.0,0.00331073,-0.0322318,0.033067400000000004,-0.0994914,-0.0361958,-0.358606,0.7848229687,3.53191,-1.00239663,0.345323
225,-0.00359553,0.00073796,-0.000765342,0.0,0.00116427,-0.000799537,-0.0181442,-0.0181498,0.08955360000000001,0.0318682,0.00253882,0.0566678,2.1630105669999997,2.00598,0.5930408101,1.10158
226,-0.0037284999999999996,-0.0005294,-0.000765342,0.0,0.0008787830000000001,0.0,-0.0148391,0.0128692,0.0649356,0.0243424,0.020472,0.0670727,2.790801197,-1.49714,0.09918658216,-1.30172
227,-0.00412493,7.49701e-05,-0.000765342,0.00037937,0.00116427,1.8377e-05,-0.00527498,0.0040029,0.113896,0.0120452,0.0696115,0.0219914,0.6658682892,-4.11581,-0.7086831728,-1.39774
228,-0.00365353,0.00044786,-0.000385972,0.0006044059999999999,0.00089716,-0.00015549999999999999,-0.0108362,0.00095751,0.0769808,-0.0368856,0.0424634,0.00397781,-1.325007026,-1.3596700000000002,-1.298550466,-0.41017200000000004
229,-0.00367707,0.00078572,-0.000160936,-2.1323000000000002e-05,0.00100877,0.00015671,-0.00431747,0.00272511,0.07701039999999999,0.0221709,0.0735893,0.0306421,-0.6937992085,-0.214525,-1.1188556029999999,0.49694499999999997
230,-0.00286781,0.00076991,-0.000407295,4.439e-06,0.00105387,-0.000148071,-0.00811109,-0.00938033,0.0991517,0.017164500000000003,0.07310549999999999,-0.0181823,-1.539531771,-0.293295,-0.8016053370999999,0.849675
231,-0.00290716,-0.00245661,-0.00015649700000000002,4.4983e-05,0.0008606989999999999,-0.000293949,-0.013697799999999998,-0.025749,0.09417489999999999,0.048487300000000004,0.055407000000000005,0.37368,-0.9870944736,0.7226560000000001,-0.269180924,0.18248399999999998
232,-0.00532442,-0.00960324,-0.000362312,-0.00128636,0.0007599210000000001,-0.000327772,-0.0338601,-0.0782786,0.14763900000000002,0.0017285999999999998,0.44678599999999996,0.476225,-0.8168755095,0.8706459999999999,-0.6191214331,1.46953
233,-0.0125104,-0.0039381,-0.00144286,-0.000700608,0.000532927,-0.000465656,-0.09197639999999999,-0.0465783,0.0959035,-0.031275,0.531632,-0.016062,-0.1164483341,1.5403799999999999,1.200349554,2.25058
234,-0.00926252,0.0125104,-0.00106292,0.00144286,0.000294265,-0.000532927,-0.0804384,0.09197639999999999,0.11636400000000001,-0.0959035,0.430724,-0.531632,0.7235021841,0.116448,1.6314539380000002,-1.20035
